{
  "train_risk": {
    "min": 0.4050715939850383,
    "mean": 0.47033638839372677,
    "max": 0.572984901296734
  },
  "test_risk": {
    "min": 0.41131516431710496,
    "mean": 0.47283053129466296,
    "max": 0.5581420215731182
  },
  "alerts": {
    "threshold": 0.5315013306922654,
    "flagged_count": 3,
    "flagged_rate": 0.0075
  }
}