{
  "train_risk": {
    "min": 0.3960352350996327,
    "mean": 0.4580528227766454,
    "max": 0.6103028897258038
  },
  "test_risk": {
    "min": 0.39649297607667805,
    "mean": 0.4586536695461112,
    "max": 0.6084587308107191
  },
  "alerts": {
    "threshold": 0.5671855193655917,
    "flagged_count": 2,
    "flagged_rate": 0.005
  }
}